FIPS,County name,FiveYearAgeGroups,NetMig9500,NetMig0010,NetMig1020,Share9500,Share0010,Share1020
1,Adams,0,0,-830,243,0.00,-0.02,0.01
1,Adams,5,3229,476,2077,0.09,0.01,0.08
1,Adams,10,2014,4269,2717,0.06,0.11,0.11
1,Adams,15,1522,1704,1939,0.04,0.04,0.08
1,Adams,20,5339,3251,2123,0.15,0.08,0.09
1,Adams,25,8663,10453,3384,0.24,0.27,0.14
1,Adams,30,5704,9744,5610,0.16,0.25,0.23
1,Adams,35,3429,4562,4406,0.10,0.12,0.18
1,Adams,40,2330,2257,2130,0.07,0.06,0.09
1,Adams,45,973,500,1749,0.03,0.01,0.07
1,Adams,50,1132,1078,358,0.03,0.03,0.01
1,Adams,55,640,1172,949,0.02,0.03,0.04
1,Adams,60,-143,635,-456,0.00,0.02,-0.02
1,Adams,65,-221,-43,-743,-0.01,0.00,-0.03
1,Adams,70,59,-233,-1211,0.00,-0.01,-0.05
1,Adams,75,-59,-92,-569,0.00,0.00,-0.02
1,Adams,80,226,50,-120,0.01,0.00,0.00
1,Adams,85,537,76,-17,0.02,0.00,0.00
3,Alamosa,0,0,-36,8,0.00,-0.22,0.01
3,Alamosa,5,-43,-123,89,0.14,-0.75,0.16
3,Alamosa,10,-121,-50,56,0.40,-0.30,0.10
3,Alamosa,15,205,192,425,-0.67,1.16,0.75
3,Alamosa,20,161,477,633,-0.53,2.89,1.12
3,Alamosa,25,-309,-373,-302,1.01,-2.26,-0.53
3,Alamosa,30,-179,-529,-256,0.58,-3.21,-0.45
3,Alamosa,35,8,-10,0,-0.03,-0.06,0.00
3,Alamosa,40,0,5,43,0.00,0.03,0.08
3,Alamosa,45,-102,82,17,0.33,0.50,0.03
3,Alamosa,50,-76,89,56,0.25,0.54,0.10
3,Alamosa,55,75,73,19,-0.25,0.44,0.03
3,Alamosa,60,42,81,5,-0.14,0.49,0.01
3,Alamosa,65,5,83,-52,-0.02,0.50,-0.09
3,Alamosa,70,15,61,-63,-0.05,0.37,-0.11
3,Alamosa,75,17,30,-58,-0.06,0.18,-0.10
3,Alamosa,80,0,73,-32,0.00,0.44,-0.06
3,Alamosa,85,-4,40,-22,0.01,0.24,-0.04
5,Arapahoe,0,0,187,498,0.00,0.01,0.01
5,Arapahoe,5,2399,2428,1764,0.11,0.07,0.05
5,Arapahoe,10,2677,6652,3722,0.12,0.20,0.10
5,Arapahoe,15,-220,2686,1717,-0.01,0.08,0.04
5,Arapahoe,20,591,-3215,-920,0.03,-0.10,-0.02
5,Arapahoe,25,8595,8921,2059,0.38,0.27,0.05
5,Arapahoe,30,5108,11954,12486,0.23,0.37,0.33
5,Arapahoe,35,1979,4278,8030,0.09,0.13,0.21
5,Arapahoe,40,2237,3126,3574,0.10,0.10,0.09
5,Arapahoe,45,1275,1125,3677,0.06,0.03,0.10
5,Arapahoe,50,-938,-362,2068,-0.04,-0.01,0.05
5,Arapahoe,55,-1575,-2053,2796,-0.07,-0.06,0.07
5,Arapahoe,60,-544,-2398,72,-0.02,-0.07,0.00
5,Arapahoe,65,-563,-1519,-842,-0.03,-0.05,-0.02
5,Arapahoe,70,-156,-618,-1794,-0.01,-0.02,-0.05
5,Arapahoe,75,283,151,-776,0.01,0.00,-0.02
5,Arapahoe,80,303,503,-126,0.01,0.02,0.00
5,Arapahoe,85,924,743,188,0.04,0.02,0.00
7,Archuleta,0,0,7,-8,0.00,0.00,0.00
7,Archuleta,5,163,54,116,0.12,0.02,0.04
7,Archuleta,10,119,201,234,0.09,0.08,0.08
7,Archuleta,15,-44,30,239,-0.03,0.01,0.08
7,Archuleta,20,-102,-318,38,-0.08,-0.13,0.01
7,Archuleta,25,65,-134,-22,0.05,-0.06,-0.01
7,Archuleta,30,105,224,204,0.08,0.09,0.07
7,Archuleta,35,125,167,281,0.09,0.07,0.10
7,Archuleta,40,154,223,298,0.11,0.09,0.10
7,Archuleta,45,151,279,274,0.11,0.12,0.09
7,Archuleta,50,227,325,291,0.17,0.13,0.10
7,Archuleta,55,233,352,296,0.17,0.15,0.10
7,Archuleta,60,106,514,228,0.08,0.21,0.08
7,Archuleta,65,126,238,276,0.09,0.10,0.09
7,Archuleta,70,-19,142,87,-0.01,0.06,0.03
7,Archuleta,75,-23,35,55,-0.02,0.01,0.02
7,Archuleta,80,-24,27,26,-0.02,0.01,0.01
7,Archuleta,85,-19,55,25,-0.01,0.02,0.01
9,Baca,0,0,17,13,0.00,0.06,0.08
9,Baca,5,-4,30,40,0.20,0.10,0.24
9,Baca,10,-11,-21,35,0.55,-0.07,0.21
9,Baca,15,-58,-19,-2,2.90,-0.06,-0.01
9,Baca,20,-98,-181,-41,4.90,-0.59,-0.25
9,Baca,25,37,-108,-45,-1.85,-0.35,-0.27
9,Baca,30,8,34,54,-0.40,0.11,0.33
9,Baca,35,14,10,49,-0.70,0.03,0.30
9,Baca,40,-40,23,51,2.00,0.08,0.31
9,Baca,45,13,41,31,-0.65,0.13,0.19
9,Baca,50,27,34,25,-1.35,0.11,0.15
9,Baca,55,31,53,25,-1.55,0.17,0.15
9,Baca,60,-4,86,3,0.20,0.28,0.02
9,Baca,65,13,79,-19,-0.65,0.26,-0.11
9,Baca,70,-5,77,-3,0.25,0.25,-0.02
9,Baca,75,-13,56,-24,0.65,0.18,-0.14
9,Baca,80,7,47,-17,-0.35,0.15,-0.10
9,Baca,85,63,47,-9,-3.15,0.15,-0.05
11,Bent,0,0,-17,20,0.00,-0.01,0.27
11,Bent,5,-73,-15,69,-0.08,-0.01,0.92
11,Bent,10,49,-18,31,0.05,-0.01,0.41
11,Bent,15,57,-58,2,0.06,-0.04,0.03
11,Bent,20,94,68,155,0.10,0.05,2.07
11,Bent,25,158,210,228,0.17,0.15,3.04
11,Bent,30,137,132,170,0.15,0.10,2.27
11,Bent,35,155,150,11,0.17,0.11,0.15
11,Bent,40,44,143,-69,0.05,0.10,-0.92
11,Bent,45,42,120,-102,0.05,0.09,-1.36
11,Bent,50,71,104,-160,0.08,0.08,-2.13
11,Bent,55,40,115,-86,0.04,0.08,-1.15
11,Bent,60,-24,123,-28,-0.03,0.09,-0.37
11,Bent,65,46,103,-37,0.05,0.08,-0.49
11,Bent,70,39,106,-60,0.04,0.08,-0.80
11,Bent,75,7,47,-34,0.01,0.03,-0.45
11,Bent,80,13,37,-28,0.01,0.03,-0.37
11,Bent,85,51,16,-7,0.06,0.01,-0.09
13,Boulder,0,0,-110,328,0.00,0.06,0.01
13,Boulder,5,869,-144,2169,0.13,0.08,0.09
13,Boulder,10,-243,1284,3491,-0.04,-0.70,0.14
13,Boulder,15,3361,4664,8109,0.50,-2.54,0.33
13,Boulder,20,7448,12200,15835,1.10,-6.65,0.65
13,Boulder,25,-2375,-662,-1763,-0.35,0.36,-0.07
13,Boulder,30,-599,-7570,-10882,-0.09,4.13,-0.45
13,Boulder,35,22,-2965,545,0.00,1.62,0.02
13,Boulder,40,225,-714,2266,0.03,0.39,0.09
13,Boulder,45,-539,-1087,2772,-0.08,0.59,0.11
13,Boulder,50,-461,-1786,1496,-0.07,0.97,0.06
13,Boulder,55,-541,-2283,1763,-0.08,1.24,0.07
13,Boulder,60,-751,-2007,341,-0.11,1.09,0.01
13,Boulder,65,-222,-998,-513,-0.03,0.54,-0.02
13,Boulder,70,-114,-348,-1134,-0.02,0.19,-0.05
13,Boulder,75,115,-135,-490,0.02,0.07,-0.02
13,Boulder,80,143,283,-43,0.02,-0.15,0.00
13,Boulder,85,403,544,99,0.06,-0.30,0.00
14,Broomfield,0,0,420,7,0.00,0.03,0.00
14,Broomfield,5,800,2048,466,0.05,0.14,0.05
14,Broomfield,10,885.5,1101,976,0.05,0.08,0.11
14,Broomfield,15,2441.5,375,688,0.15,0.03,0.08
14,Broomfield,20,2700,-138,753,0.17,-0.01,0.08
14,Broomfield,25,3144,952,993,0.20,0.07,0.11
14,Broomfield,30,2552.5,2174,1508,0.16,0.15,0.17
14,Broomfield,35,1725.5,1909,1263,0.11,0.13,0.14
14,Broomfield,40,1277.5,1372,983,0.08,0.10,0.11
14,Broomfield,45,217,683,870,0.01,0.05,0.10
14,Broomfield,50,335.5,420,322,0.02,0.03,0.04
14,Broomfield,55,49.5,447,352,0.00,0.03,0.04
14,Broomfield,60,-447,433,101,-0.03,0.03,0.01
14,Broomfield,65,-221.5,564,-65,-0.01,0.04,-0.01
14,Broomfield,70,-27.5,511,-115,0.00,0.04,-0.01
14,Broomfield,75,28,403,-46,0.00,0.03,-0.01
14,Broomfield,80,184.5,343,41,0.01,0.02,0.00
14,Broomfield,85,470,247,30,0.03,0.02,0.00
15,Chaffee,0,0,65,105,0.00,0.03,0.03
15,Chaffee,5,96,106,320,0.10,0.04,0.08
15,Chaffee,10,79,99,333,0.08,0.04,0.09
15,Chaffee,15,-125,83,305,-0.12,0.03,0.08
15,Chaffee,20,-169,-126,582,-0.17,-0.05,0.15
15,Chaffee,25,196,126,415,0.20,0.05,0.11
15,Chaffee,30,144,164,331,0.14,0.07,0.09
15,Chaffee,35,221,62,469,0.22,0.03,0.12
15,Chaffee,40,150,250,227,0.15,0.10,0.06
15,Chaffee,45,100,191,232,0.10,0.08,0.06
15,Chaffee,50,187,258,135,0.19,0.11,0.04
15,Chaffee,55,116,379,170,0.12,0.16,0.04
15,Chaffee,60,94,394,110,0.09,0.16,0.03
15,Chaffee,65,94,327,79,0.09,0.14,0.02
15,Chaffee,70,-16,132,-13,-0.02,0.06,0.00
15,Chaffee,75,-69,-12,-5,-0.07,-0.01,0.00
15,Chaffee,80,-87,-95,10,-0.09,-0.04,0.00
15,Chaffee,85,-7,-9,-1,-0.01,0.00,0.00
17,Cheyenne,0,0,15,10,0.00,0.08,0.04
17,Cheyenne,5,-59,12,27,0.17,0.06,0.12
17,Cheyenne,10,-20,-25,30,0.06,-0.13,0.13
17,Cheyenne,15,-41,-6,2,0.12,-0.03,0.01
17,Cheyenne,20,-40,-121,-3,0.12,-0.64,-0.01
17,Cheyenne,25,-17,-70,-15,0.05,-0.37,-0.06
17,Cheyenne,30,-26,14,49,0.07,0.07,0.21
17,Cheyenne,35,-18,4,46,0.05,0.02,0.20
17,Cheyenne,40,-17,9,28,0.05,0.05,0.12
17,Cheyenne,45,-45,-20,31,0.13,-0.11,0.13
17,Cheyenne,50,-19,-15,19,0.05,-0.08,0.08
17,Cheyenne,55,-34,18,16,0.10,0.10,0.07
17,Cheyenne,60,3,39,11,-0.01,0.21,0.05
17,Cheyenne,65,-15,55,-7,0.04,0.29,-0.03
17,Cheyenne,70,-11,77,-13,0.03,0.41,-0.06
17,Cheyenne,75,-12,61,3,0.03,0.32,0.01
17,Cheyenne,80,11,69,-9,-0.03,0.37,-0.04
17,Cheyenne,85,13,72,8,-0.04,0.38,0.03
19,Clear Creek,0,0,-4,31,0.00,-0.04,0.10
19,Clear Creek,5,-107,-85,100,0.09,-0.93,0.32
19,Clear Creek,10,55,-111,106,-0.05,-1.22,0.34
19,Clear Creek,15,-37,-114,58,0.03,-1.25,0.18
19,Clear Creek,20,-313,-274,16,0.26,-3.01,0.05
19,Clear Creek,25,-60,-138,20,0.05,-1.52,0.06
19,Clear Creek,30,-165,209,185,0.14,2.30,0.59
19,Clear Creek,35,11,210,132,-0.01,2.31,0.42
19,Clear Creek,40,-159,123,129,0.13,1.35,0.41
19,Clear Creek,45,62,8,107,-0.05,0.09,0.34
19,Clear Creek,50,-213,69,9,0.18,0.76,0.03
19,Clear Creek,55,-56,5,21,0.05,0.05,0.07
19,Clear Creek,60,-34,26,-62,0.03,0.29,-0.20
19,Clear Creek,65,-21,44,-162,0.02,0.48,-0.51
19,Clear Creek,70,-97,-8,-177,0.08,-0.09,-0.56
19,Clear Creek,75,-35,45,-129,0.03,0.49,-0.41
19,Clear Creek,80,-42,38,-53,0.03,0.42,-0.17
19,Clear Creek,85,3,48,-15,0.00,0.53,-0.05
21,Conejos,0,0,48,20,0.00,0.14,0.38
21,Conejos,5,62,51,90,-0.25,0.15,1.73
21,Conejos,10,111,27,65,-0.45,0.08,1.25
21,Conejos,15,-103,-26,-40,0.42,-0.08,-0.77
21,Conejos,20,-220,-318,-166,0.90,-0.93,-3.19
21,Conejos,25,-63,-274,-122,0.26,-0.80,-2.35
21,Conejos,30,4,7,36,-0.02,0.02,0.69
21,Conejos,35,-36,60,92,0.15,0.17,1.77
21,Conejos,40,23,84,80,-0.09,0.24,1.54
21,Conejos,45,19,93,60,-0.08,0.27,1.15
21,Conejos,50,20,100,42,-0.08,0.29,0.81
21,Conejos,55,-12,104,50,0.05,0.30,0.96
21,Conejos,60,1,133,3,0.00,0.39,0.06
21,Conejos,65,-12,129,-41,0.05,0.38,-0.79
21,Conejos,70,2,69,-44,-0.01,0.20,-0.85
21,Conejos,75,-13,30,-26,0.05,0.09,-0.50
21,Conejos,80,1,7,-20,0.00,0.02,-0.38
21,Conejos,85,-29,19,-27,0.12,0.06,-0.52
23,Costilla,0,0,25,18,0.00,0.03,0.06
23,Costilla,5,2,6,41,-0.01,0.01,0.13
23,Costilla,10,-3,0,57,0.02,0.00,0.18
23,Costilla,15,-53,14,6,0.32,0.02,0.02
23,Costilla,20,-94,-120,-16,0.57,-0.16,-0.05
23,Costilla,25,-43,-93,-17,0.26,-0.12,-0.05
23,Costilla,30,-44,19,57,0.27,0.03,0.18
23,Costilla,35,-27,35,87,0.16,0.05,0.27
23,Costilla,40,19,61,43,-0.12,0.08,0.14
23,Costilla,45,55,78,50,-0.34,0.10,0.16
23,Costilla,50,40,102,35,-0.24,0.14,0.11
23,Costilla,55,56,84,23,-0.34,0.11,0.07
23,Costilla,60,6,148,20,-0.04,0.20,0.06
23,Costilla,65,12,136,-13,-0.07,0.18,-0.04
23,Costilla,70,-33,82,-5,0.20,0.11,-0.02
23,Costilla,75,-39,41,-39,0.24,0.06,-0.12
23,Costilla,80,-19,60,-12,0.12,0.08,-0.04
23,Costilla,85,1,67,-18,-0.01,0.09,-0.06
25,Crowley,0,0,11,9,0.00,0.01,-0.10
25,Crowley,5,31,-2,15,0.02,0.00,-0.17
25,Crowley,10,-8,40,-6,-0.01,0.02,0.07
25,Crowley,15,-56,18,-3,-0.04,0.01,0.03
25,Crowley,20,184,221,173,0.12,0.13,-1.99
25,Crowley,25,299,331,284,0.19,0.20,-3.26
25,Crowley,30,204,207,89,0.13,0.13,-1.02
25,Crowley,35,254,142,-44,0.16,0.09,0.51
25,Crowley,40,184,50,-84,0.12,0.03,0.97
25,Crowley,45,163,38,6,0.10,0.02,-0.07
25,Crowley,50,171,17,-127,0.11,0.01,1.46
25,Crowley,55,77,100,-109,0.05,0.06,1.25
25,Crowley,60,-1,66,-94,0.00,0.04,1.08
25,Crowley,65,7,110,-102,0.00,0.07,1.17
25,Crowley,70,54,110,-57,0.03,0.07,0.66
25,Crowley,75,9,64,-28,0.01,0.04,0.32
25,Crowley,80,0,68,-16,0.00,0.04,0.18
25,Crowley,85,9,58,7,0.01,0.04,-0.08
27,Custer,0,0,28,29,0.00,0.02,0.02
27,Custer,5,70,49,101,0.10,0.03,0.08
27,Custer,10,82,53,115,0.12,0.04,0.09
27,Custer,15,-39,25,95,-0.06,0.02,0.08
27,Custer,20,-36,-130,54,-0.05,-0.09,0.04
27,Custer,25,28,-62,83,0.04,-0.04,0.07
27,Custer,30,63,71,193,0.09,0.05,0.15
27,Custer,35,56,95,176,0.08,0.07,0.14
27,Custer,40,125,94,115,0.18,0.07,0.09
27,Custer,45,97,62,96,0.14,0.04,0.08
27,Custer,50,52,170,42,0.08,0.12,0.03
27,Custer,55,35,210,101,0.05,0.15,0.08
27,Custer,60,87,273,15,0.13,0.19,0.01
27,Custer,65,41,213,57,0.06,0.15,0.05
27,Custer,70,-8,92,8,-0.01,0.06,0.01
27,Custer,75,12,62,-7,0.02,0.04,-0.01
27,Custer,80,15,63,-5,0.02,0.04,0.00
27,Custer,85,6,53,-9,0.01,0.04,-0.01
29,Delta,0,0,28,98,0.00,0.01,0.04
29,Delta,5,-110,263,334,-0.18,0.06,0.14
29,Delta,10,-49,403,300,-0.08,0.10,0.12
29,Delta,15,-128,268,183,-0.21,0.07,0.08
29,Delta,20,-454,-528,-77,-0.75,-0.13,-0.03
29,Delta,25,-37,-205,-140,-0.06,-0.05,-0.06
29,Delta,30,-9,513,447,-0.01,0.13,0.18
29,Delta,35,179,421,397,0.29,0.10,0.16
29,Delta,40,162,431,272,0.27,0.11,0.11
29,Delta,45,197,418,229,0.32,0.10,0.09
29,Delta,50,184,510,84,0.30,0.13,0.03
29,Delta,55,165,515,218,0.27,0.13,0.09
29,Delta,60,190,520,82,0.31,0.13,0.03
29,Delta,65,232,501,42,0.38,0.12,0.02
29,Delta,70,70,233,17,0.12,0.06,0.01
29,Delta,75,15,-63,-22,0.02,-0.02,-0.01
29,Delta,80,-12,-93,-31,-0.02,-0.02,-0.01
29,Delta,85,13,-61,4,0.02,-0.01,0.00
31,Denver,0,0,-6232,-882,0.00,0.48,-0.02
31,Denver,5,-8994,-13580,-3264,0.19,1.04,-0.06
31,Denver,10,-6309,-6793,-2275,0.13,0.52,-0.04
31,Denver,15,-3190,-2579,958,0.07,0.20,0.02
31,Denver,20,5088,15430,13685,-0.11,-1.18,0.26
31,Denver,25,5848,33610,27811,-0.12,-2.58,0.52
31,Denver,30,-6912,12133,23728,0.15,-0.93,0.44
31,Denver,35,-9118,-12078,7377,0.19,0.93,0.14
31,Denver,40,-7168,-11542,-3307,0.15,0.88,-0.06
31,Denver,45,-4701,-7545,-3617,0.10,0.58,-0.07
31,Denver,50,-3281,-3340,-3038,0.07,0.26,-0.06
31,Denver,55,-2279,-2485,92,0.05,0.19,0.00
31,Denver,60,-1414,-2247,-396,0.03,0.17,-0.01
31,Denver,65,-1358,-1295,-655,0.03,0.10,-0.01
31,Denver,70,-1065,-1032,-1580,0.02,0.08,-0.03
31,Denver,75,-532,-1029,-844,0.01,0.08,-0.02
31,Denver,80,-490,-1202,-280,0.01,0.09,-0.01
31,Denver,85,-997,-1246,-176,0.02,0.10,0.00
33,Dolores,0,0,17,8,0.00,0.02,0.05
33,Dolores,5,27,29,34,0.40,0.04,0.23
33,Dolores,10,16,34,35,0.24,0.05,0.23
33,Dolores,15,-49,-3,13,-0.73,0.00,0.09
33,Dolores,20,-52,-50,0,-0.78,-0.07,0.00
33,Dolores,25,-2,-14,5,-0.03,-0.02,0.03
33,Dolores,30,31,35,52,0.46,0.05,0.35
33,Dolores,35,25,46,47,0.37,0.06,0.32
33,Dolores,40,30,30,30,0.45,0.04,0.20
33,Dolores,45,14,40,24,0.21,0.05,0.16
33,Dolores,50,10,51,12,0.15,0.07,0.08
33,Dolores,55,20,47,14,0.30,0.06,0.09
33,Dolores,60,9,88,-10,0.13,0.12,-0.07
33,Dolores,65,-5,93,-19,-0.07,0.13,-0.13
33,Dolores,70,6,88,-34,0.09,0.12,-0.23
33,Dolores,75,-8,72,-29,-0.12,0.10,-0.19
33,Dolores,80,0,61,-19,0.00,0.08,-0.13
33,Dolores,85,-5,67,-14,-0.07,0.09,-0.09
35,Douglas,0,0,2016,-234,0.00,0.03,-0.01
35,Douglas,5,6151,7152,2219,0.12,0.10,0.07
35,Douglas,10,4197,7849,4418,0.08,0.11,0.14
35,Douglas,15,1152,2590,2837,0.02,0.04,0.09
35,Douglas,20,-728,-4680,-386,-0.01,-0.06,-0.01
35,Douglas,25,8001,3659,-720,0.15,0.05,-0.02
35,Douglas,30,10166,13408,5029,0.19,0.18,0.16
35,Douglas,35,8664,12871,6313,0.16,0.18,0.21
35,Douglas,40,5178,9712,5443,0.10,0.13,0.18
35,Douglas,45,3504,5470,4913,0.07,0.07,0.16
35,Douglas,50,3001,3632,1523,0.06,0.05,0.05
35,Douglas,55,1487,2598,1024,0.03,0.04,0.03
35,Douglas,60,617,2134,-252,0.01,0.03,-0.01
35,Douglas,65,494,1441,-258,0.01,0.02,-0.01
35,Douglas,70,346,1119,-756,0.01,0.02,-0.02
35,Douglas,75,371,853,-420,0.01,0.01,-0.01
35,Douglas,80,159,773,-179,0.00,0.01,-0.01
35,Douglas,85,176,755,53,0.00,0.01,0.00
37,Eagle,0,0,-291,276,0.00,-0.10,0.04
37,Eagle,5,169,-98,676,0.08,-0.03,0.10
37,Eagle,10,-44,336,691,-0.02,0.11,0.11
37,Eagle,15,-105,37,407,-0.05,0.01,0.06
37,Eagle,20,1240,730,-111,0.61,0.25,-0.02
37,Eagle,25,645,2716,298,0.32,0.91,0.05
37,Eagle,30,182,860,1541,0.09,0.29,0.23
37,Eagle,35,-97,-490,1124,-0.05,-0.16,0.17
37,Eagle,40,23,-253,682,0.01,-0.09,0.10
37,Eagle,45,-160,-112,587,-0.08,-0.04,0.09
37,Eagle,50,163,-167,173,0.08,-0.06,0.03
37,Eagle,55,277,-225,134,0.14,-0.08,0.02
37,Eagle,60,-34,45,159,-0.02,0.02,0.02
37,Eagle,65,-30,44,51,-0.01,0.01,0.01
37,Eagle,70,-122,-106,-43,-0.06,-0.04,-0.01
37,Eagle,75,-55,-52,-54,-0.03,-0.02,-0.01
37,Eagle,80,-2,-7,-4,0.00,0.00,0.00
37,Eagle,85,-18,4,-10,-0.01,0.00,0.00
41,El Paso,0,0,1355,581,0.00,0.03,0.02
41,El Paso,5,455,3372,3377,0.11,0.06,0.10
41,El Paso,10,1191,6430,5952,0.27,0.12,0.18
41,El Paso,15,1243,6131,6818,0.29,0.12,0.21
41,El Paso,20,3861,9057,12593,0.89,0.17,0.38
41,El Paso,25,-529,8644,8566,-0.12,0.17,0.26
41,El Paso,30,-722,3228,-470,-0.17,0.06,-0.01
41,El Paso,35,144,2411,667,0.03,0.05,0.02
41,El Paso,40,-781,3302,-311,-0.18,0.06,-0.01
41,El Paso,45,-231,1692,196,-0.05,0.03,0.01
41,El Paso,50,-12,1583,890,0.00,0.03,0.03
41,El Paso,55,-60,961,1313,-0.01,0.02,0.04
41,El Paso,60,-218,893,-2185,-0.05,0.02,-0.07
41,El Paso,65,-188,927,-2229,-0.04,0.02,-0.07
41,El Paso,70,-204,804,-1778,-0.05,0.02,-0.05
41,El Paso,75,-176,356,-837,-0.04,0.01,-0.03
41,El Paso,80,357,702,-136,0.08,0.01,0.00
41,El Paso,85,202,341,-25,0.05,0.01,0.00
39,Elbert,0,0,233,312,0.00,0.08,0.03
39,Elbert,5,567,509,879,0.15,0.18,0.09
39,Elbert,10,388,598,947,0.10,0.21,0.10
39,Elbert,15,229,150,515,0.06,0.05,0.06
39,Elbert,20,-310,-1091,400,-0.08,-0.38,0.04
39,Elbert,25,235,-812,777,0.06,-0.28,0.08
39,Elbert,30,580,346,1478,0.15,0.12,0.16
39,Elbert,35,594,605,1393,0.16,0.21,0.15
39,Elbert,40,615,737,1041,0.16,0.26,0.11
39,Elbert,45,398,492,807,0.10,0.17,0.09
39,Elbert,50,240,214,558,0.06,0.07,0.06
39,Elbert,55,180,294,339,0.05,0.10,0.04
39,Elbert,60,14,229,92,0.00,0.08,0.01
39,Elbert,65,29,130,-7,0.01,0.05,0.00
39,Elbert,70,28,81,-78,0.01,0.03,-0.01
39,Elbert,75,12,34,-86,0.00,0.01,-0.01
39,Elbert,80,8,45,-4,0.00,0.02,0.00
39,Elbert,85,-14,74,-8,0.00,0.03,0.00
43,Fremont,0,0,64,144,0.00,0.03,0.03
43,Fremont,5,311,181,470,0.04,0.09,0.09
43,Fremont,10,197,189,538,0.02,0.09,0.10
43,Fremont,15,-238,-81,347,-0.03,-0.04,0.06
43,Fremont,20,175,-377,902,0.02,-0.18,0.16
43,Fremont,25,1390,731,1260,0.17,0.35,0.23
43,Fremont,30,1479,769,1205,0.19,0.36,0.22
43,Fremont,35,1448,-115,873,0.18,-0.05,0.16
43,Fremont,40,1322,-235,375,0.17,-0.11,0.07
43,Fremont,45,548,-371,384,0.07,-0.18,0.07
43,Fremont,50,532,-289,-176,0.07,-0.14,-0.03
43,Fremont,55,406,127,-314,0.05,0.06,-0.06
43,Fremont,60,263,468,-268,0.03,0.22,-0.05
43,Fremont,65,97,549,-137,0.01,0.26,-0.02
43,Fremont,70,139,317,-93,0.02,0.15,-0.02
43,Fremont,75,-21,65,-10,0.00,0.03,0.00
43,Fremont,80,-24,121,-1,0.00,0.06,0.00
43,Fremont,85,-77,0,-5,-0.01,0.00,0.00
45,Garfield,0,0,-220,205,0.00,-0.03,0.03
45,Garfield,5,327,322,762,0.17,0.05,0.10
45,Garfield,10,198,856,763,0.10,0.12,0.10
45,Garfield,15,-157,601,586,-0.08,0.09,0.08
45,Garfield,20,-67,99,-62,-0.03,0.01,-0.01
45,Garfield,25,387,1220,220,0.20,0.17,0.03
45,Garfield,30,343,1588,1451,0.17,0.23,0.20
45,Garfield,35,266,987,1266,0.13,0.14,0.17
45,Garfield,40,245,729,898,0.12,0.10,0.12
45,Garfield,45,49,530,564,0.02,0.08,0.08
45,Garfield,50,124,253,275,0.06,0.04,0.04
45,Garfield,55,181,301,333,0.09,0.04,0.05
45,Garfield,60,67,95,140,0.03,0.01,0.02
45,Garfield,65,-34,-53,35,-0.02,-0.01,0.00
45,Garfield,70,-68,-34,-94,-0.03,0.00,-0.01
45,Garfield,75,50,-114,-11,0.03,-0.02,0.00
45,Garfield,80,35,-105,17,0.02,-0.01,0.00
45,Garfield,85,27,-9,18,0.01,0.00,0.00
47,Gilpin,0,0,13,32,0.00,0.01,0.06
47,Gilpin,5,18,13,97,0.01,0.01,0.17
47,Gilpin,10,103,-18,86,0.08,-0.02,0.15
47,Gilpin,15,21,-24,67,0.02,-0.02,0.12
47,Gilpin,20,51,-123,28,0.04,-0.11,0.05
47,Gilpin,25,234,-10,55,0.18,-0.01,0.09
47,Gilpin,30,157,175,161,0.12,0.16,0.28
47,Gilpin,35,286,118,159,0.22,0.11,0.27
47,Gilpin,40,107,54,124,0.08,0.05,0.21
47,Gilpin,45,154,124,69,0.12,0.11,0.12
47,Gilpin,50,118,204,37,0.09,0.18,0.06
47,Gilpin,55,67,121,26,0.05,0.11,0.04
47,Gilpin,60,3,137,-51,0.00,0.12,-0.09
47,Gilpin,65,-10,88,-99,-0.01,0.08,-0.17
47,Gilpin,70,-9,73,-111,-0.01,0.07,-0.19
47,Gilpin,75,8,54,-74,0.01,0.05,-0.13
47,Gilpin,80,-15,53,-21,-0.01,0.05,-0.04
47,Gilpin,85,0,67,-4,0.00,0.06,-0.01
49,Grand,0,0,96,82,0.00,0.04,0.05
49,Grand,5,21,113,205,0.03,0.05,0.12
49,Grand,10,75,133,168,0.09,0.06,0.10
49,Grand,15,29,113,138,0.03,0.05,0.08
49,Grand,20,134,-1,-6,0.16,0.00,0.00
49,Grand,25,184,306,50,0.22,0.14,0.03
49,Grand,30,-89,222,345,-0.11,0.10,0.21
49,Grand,35,139,62,261,0.17,0.03,0.16
49,Grand,40,65,133,131,0.08,0.06,0.08
49,Grand,45,133,250,168,0.16,0.11,0.10
49,Grand,50,114,294,38,0.14,0.13,0.02
49,Grand,55,79,160,110,0.09,0.07,0.07
49,Grand,60,82,182,71,0.10,0.08,0.04
49,Grand,65,-24,123,14,-0.03,0.06,0.01
49,Grand,70,-56,-2,-75,-0.07,0.00,-0.04
49,Grand,75,-52,12,-12,-0.06,0.01,-0.01
49,Grand,80,15,-30,-6,0.02,-0.01,0.00
49,Grand,85,-11,39,-7,-0.01,0.02,0.00
51,Gunnison,0,0,-39,68,0.00,-0.03,0.05
51,Gunnison,5,34,4,195,0.34,0.00,0.15
51,Gunnison,10,-47,126,185,-0.47,0.10,0.14
51,Gunnison,15,325,419,757,3.25,0.32,0.59
51,Gunnison,20,850,1266,856,8.50,0.96,0.66
51,Gunnison,25,-632,119,-300,-6.32,0.09,-0.23
51,Gunnison,30,-121,-990,-490,-1.21,-0.75,-0.38
51,Gunnison,35,-6,-299,176,-0.06,-0.23,0.14
51,Gunnison,40,-143,2,174,-1.43,0.00,0.13
51,Gunnison,45,-98,104,189,-0.98,0.08,0.15
51,Gunnison,50,-32,126,39,-0.32,0.10,0.03
51,Gunnison,55,-39,66,46,-0.39,0.05,0.04
51,Gunnison,60,20,150,-40,0.20,0.11,-0.03
51,Gunnison,65,18,140,-136,0.18,0.11,-0.11
51,Gunnison,70,-27,48,-196,-0.27,0.04,-0.15
51,Gunnison,75,7,5,-138,0.07,0.00,-0.11
51,Gunnison,80,1,8,-66,0.01,0.01,-0.05
51,Gunnison,85,-10,63,-25,-0.10,0.05,-0.02
53,Hinsdale,0,0,17,4,0.00,0.10,0.04
53,Hinsdale,5,12,15,18,0.18,0.09,0.20
53,Hinsdale,10,-3,3,9,-0.05,0.02,0.10
53,Hinsdale,15,0,-22,11,0.00,-0.13,0.12
53,Hinsdale,20,2,4,-2,0.03,0.02,-0.02
53,Hinsdale,25,5,14,17,0.08,0.08,0.19
53,Hinsdale,30,2,15,22,0.03,0.09,0.24
53,Hinsdale,35,-6,12,16,-0.09,0.07,0.18
53,Hinsdale,40,46,2,15,0.71,0.01,0.17
53,Hinsdale,45,-3,10,7,-0.05,0.06,0.08
53,Hinsdale,50,11,-17,10,0.17,-0.10,0.11
53,Hinsdale,55,10,18,2,0.15,0.10,0.02
53,Hinsdale,60,-2,20,8,-0.03,0.11,0.09
53,Hinsdale,65,-6,18,-13,-0.09,0.10,-0.14
53,Hinsdale,70,-3,16,-13,-0.05,0.09,-0.14
53,Hinsdale,75,0,9,-11,0.00,0.05,-0.12
53,Hinsdale,80,3,12,-7,0.05,0.07,-0.08
53,Hinsdale,85,-3,28,-3,-0.05,0.16,-0.03
55,Huerfano,0,0,6,34,0.00,0.06,0.04
55,Huerfano,5,72,-27,83,0.08,-0.25,0.11
55,Huerfano,10,10,3,80,0.01,0.03,0.10
55,Huerfano,15,-41,3,22,-0.05,0.03,0.03
55,Huerfano,20,-82,-227,-24,-0.09,-2.12,-0.03
55,Huerfano,25,45,-212,-5,0.05,-1.98,-0.01
55,Huerfano,30,89,-104,116,0.10,-0.97,0.15
55,Huerfano,35,88,-120,130,0.10,-1.12,0.17
55,Huerfano,40,60,-52,83,0.07,-0.49,0.11
55,Huerfano,45,183,-16,69,0.21,-0.15,0.09
55,Huerfano,50,130,-1,57,0.15,-0.01,0.07
55,Huerfano,55,150,140,87,0.17,1.31,0.11
55,Huerfano,60,92,197,10,0.11,1.84,0.01
55,Huerfano,65,19,149,46,0.02,1.39,0.06
55,Huerfano,70,-22,130,-6,-0.03,1.21,-0.01
55,Huerfano,75,49,113,14,0.06,1.06,0.02
55,Huerfano,80,34,64,-19,0.04,0.60,-0.02
55,Huerfano,85,-4,61,2,0.00,0.57,0.00
57,Jackson,0,0,12,4,0.00,0.04,0.14
57,Jackson,5,-11,16,14,0.05,0.05,0.50
57,Jackson,10,-9,-7,13,0.04,-0.02,0.46
57,Jackson,15,-77,-25,10,0.33,-0.08,0.36
57,Jackson,20,-72,-42,0,0.31,-0.13,0.00
57,Jackson,25,-11,-42,5,0.05,-0.13,0.18
57,Jackson,30,13,20,21,-0.06,0.06,0.75
57,Jackson,35,-5,19,17,0.02,0.06,0.61
57,Jackson,40,-18,10,17,0.08,0.03,0.61
57,Jackson,45,-8,16,6,0.03,0.05,0.21
57,Jackson,50,-6,40,10,0.03,0.12,0.36
57,Jackson,55,13,25,-3,-0.06,0.08,-0.11
57,Jackson,60,4,32,-9,-0.02,0.10,-0.32
57,Jackson,65,-33,44,-23,0.14,0.13,-0.82
57,Jackson,70,0,29,-18,0.00,0.09,-0.64
57,Jackson,75,-5,56,-26,0.02,0.17,-0.93
57,Jackson,80,-2,62,-8,0.01,0.19,-0.29
57,Jackson,85,-4,62,-2,0.02,0.19,-0.07
59,Jefferson,0,0,225,279,0.00,-0.01,0.02
59,Jefferson,5,1824,803,451,0.22,-0.04,0.03
59,Jefferson,10,1068,1099,2156,0.13,-0.05,0.14
59,Jefferson,15,-1437,-1238,2173,-0.17,0.06,0.14
59,Jefferson,20,-1357,-8049,2596,-0.16,0.40,0.16
59,Jefferson,25,5294,-2932,1049,0.63,0.15,0.07
59,Jefferson,30,3328,3534,2663,0.40,-0.18,0.17
59,Jefferson,35,1961,886,2412,0.23,-0.04,0.15
59,Jefferson,40,1455,551,1587,0.17,-0.03,0.10
59,Jefferson,45,75,-1885,2866,0.01,0.09,0.18
59,Jefferson,50,-952,-2640,1425,-0.11,0.13,0.09
59,Jefferson,55,-1166,-3268,2148,-0.14,0.16,0.14
59,Jefferson,60,-1541,-3463,-610,-0.18,0.17,-0.04
59,Jefferson,65,-1074,-3045,-1468,-0.13,0.15,-0.09
59,Jefferson,70,-48,-1366,-2325,-0.01,0.07,-0.15
59,Jefferson,75,21,-372,-1186,0.00,0.02,-0.07
59,Jefferson,80,479,402,-375,0.06,-0.02,-0.02
59,Jefferson,85,446,600,37,0.05,-0.03,0.00
61,Kiowa,0,0,3,4,0.00,0.01,0.04
61,Kiowa,5,-10,5,9,0.04,0.01,0.09
61,Kiowa,10,-8,2,21,0.03,0.01,0.21
61,Kiowa,15,-48,2,8,0.18,0.01,0.08
61,Kiowa,20,-41,-50,-16,0.16,-0.15,-0.16
61,Kiowa,25,-1,-48,-14,0.00,-0.14,-0.14
61,Kiowa,30,-15,-7,24,0.06,-0.02,0.24
61,Kiowa,35,-25,-15,32,0.09,-0.04,0.32
61,Kiowa,40,-7,-4,16,0.03,-0.01,0.16
61,Kiowa,45,-32,-13,15,0.12,-0.04,0.15
61,Kiowa,50,-2,36,13,0.01,0.11,0.13
61,Kiowa,55,7,37,21,-0.03,0.11,0.21
61,Kiowa,60,-11,42,-10,0.04,0.12,-0.10
61,Kiowa,65,-13,49,3,0.05,0.14,0.03
61,Kiowa,70,0,55,-9,0.00,0.16,-0.09
61,Kiowa,75,-18,64,-3,0.07,0.19,-0.03
61,Kiowa,80,-13,87,-5,0.05,0.26,-0.05
61,Kiowa,85,-27,93,-8,0.10,0.28,-0.08
63,Kit Carson,0,0,20,10,0.00,0.06,0.02
63,Kit Carson,5,58,29,58,0.16,0.03,0.03
63,Kit Carson,10,68,24,15,0.19,0.02,0.02
63,Kit Carson,15,-37,-27,10,-0.10,-0.03,-0.03
63,Kit Carson,20,-155,-129,-43,-0.42,-0.12,-0.13
63,Kit Carson,25,156,71,-40,0.43,0.07,0.07
63,Kit Carson,30,87,198,84,0.24,0.18,0.19
63,Kit Carson,35,127,112,31,0.35,0.10,0.11
63,Kit Carson,40,24,86,37,0.07,0.08,0.08
63,Kit Carson,45,47,32,-9,0.13,0.03,0.03
63,Kit Carson,50,29,77,21,0.08,0.07,0.07
63,Kit Carson,55,60,100,29,0.16,0.09,0.10
63,Kit Carson,60,-3,80,30,-0.01,0.07,0.08
63,Kit Carson,65,-69,73,29,-0.19,0.07,0.07
63,Kit Carson,70,-12,94,30,-0.03,0.09,0.09
63,Kit Carson,75,-33,76,20,-0.09,0.07,0.07
63,Kit Carson,80,4,69,-42,0.01,0.06,0.07
63,Kit Carson,85,14,47,-17,0.04,0.04,0.05
67,La Plata,0,0,-15,215,0.00,0.00,0.02
67,La Plata,5,333,555,668,0.14,0.11,0.07
67,La Plata,10,250,628,821,0.11,0.12,0.08
67,La Plata,15,778,932,1161,0.33,0.19,0.11
67,La Plata,20,683,1324,1945,0.29,0.26,0.19
67,La Plata,25,-731,-130,848,-0.31,-0.03,0.08
67,La Plata,30,-59,-944,704,-0.03,-0.19,0.07
67,La Plata,35,452,431,1118,0.19,0.09,0.11
67,La Plata,40,231,602,949,0.10,0.12,0.09
67,La Plata,45,41,502,649,0.02,0.10,0.06
67,La Plata,50,178,465,393,0.08,0.09,0.04
67,La Plata,55,133,235,602,0.06,0.05,0.06
67,La Plata,60,101,370,385,0.04,0.07,0.04
67,La Plata,65,62,144,39,0.03,0.03,0.00
67,La Plata,70,-84,43,-109,-0.04,0.01,-0.01
67,La Plata,75,27,-89,-120,0.01,-0.02,-0.01
67,La Plata,80,-30,-50,-9,-0.01,-0.01,0.00
67,La Plata,85,-42,23,-16,-0.02,0.00,0.00
65,Lake,0,0,-18,30,0.00,0.04,0.03
65,Lake,5,30,-121,139,1.25,0.28,0.15
65,Lake,10,-4,-123,116,-0.17,0.28,0.12
65,Lake,15,-19,-109,123,-0.79,0.25,0.13
65,Lake,20,1,3,82,0.04,-0.01,0.09
65,Lake,25,-7,22,134,-0.29,-0.05,0.14
65,Lake,30,109,-143,190,4.54,0.33,0.20
65,Lake,35,-17,-94,179,-0.71,0.21,0.19
65,Lake,40,28,-110,160,1.17,0.25,0.17
65,Lake,45,-42,-42,80,-1.75,0.10,0.08
65,Lake,50,0,-29,9,0.00,0.07,0.01
65,Lake,55,11,27,-2,0.46,-0.06,0.00
65,Lake,60,15,80,-23,0.63,-0.18,-0.02
65,Lake,65,-17,58,-67,-0.71,-0.13,-0.07
65,Lake,70,-24,-11,-89,-1.00,0.03,-0.09
65,Lake,75,2,40,-48,0.08,-0.09,-0.05
65,Lake,80,-34,59,-40,-1.42,-0.13,-0.04
65,Lake,85,-8,71,-15,-0.33,-0.16,-0.02
69,Larimer,0,0,149,1067,0.00,0.01,0.03
69,Larimer,5,1326,1387,3360,0.07,0.05,0.09
69,Larimer,10,1246,2414,3815,0.07,0.09,0.10
69,Larimer,15,3818,5573,5972,0.20,0.20,0.15
69,Larimer,20,8642,12717,15804,0.45,0.45,0.41
69,Larimer,25,-2737,2061,4671,-0.14,0.07,0.12
69,Larimer,30,-306,-5462,-8518,-0.02,-0.19,-0.22
69,Larimer,35,1247,-429,829,0.07,-0.02,0.02
69,Larimer,40,1381,1191,3254,0.07,0.04,0.08
69,Larimer,45,987,1056,3104,0.05,0.04,0.08
69,Larimer,50,705,873,1831,0.04,0.03,0.05
69,Larimer,55,728,955,2477,0.04,0.03,0.06
69,Larimer,60,449,1698,1531,0.02,0.06,0.04
69,Larimer,65,484,1379,515,0.03,0.05,0.01
69,Larimer,70,464,995,-678,0.02,0.04,-0.02
69,Larimer,75,205,509,-333,0.01,0.02,-0.01
69,Larimer,80,125,551,-213,0.01,0.02,-0.01
69,Larimer,85,390,723,44,0.02,0.03,0.00
71,Las Animas,0,0,-34,92,0.00,-0.03,0.04
71,Las Animas,5,161,50,239,0.18,0.04,0.12
71,Las Animas,10,65,82,245,0.07,0.07,0.12
71,Las Animas,15,-10,76,48,-0.01,0.06,0.02
71,Las Animas,20,-39,-128,8,-0.04,-0.11,0.00
71,Las Animas,25,-97,-188,143,-0.11,-0.15,0.07
71,Las Animas,30,102,89,291,0.11,0.07,0.14
71,Las Animas,35,177,180,326,0.20,0.15,0.16
71,Las Animas,40,89,168,208,0.10,0.14,0.10
71,Las Animas,45,149,198,177,0.17,0.16,0.09
71,Las Animas,50,132,259,43,0.15,0.21,0.02
71,Las Animas,55,135,208,89,0.15,0.17,0.04
71,Las Animas,60,-10,177,105,-0.01,0.15,0.05
71,Las Animas,65,44,143,35,0.05,0.12,0.02
71,Las Animas,70,46,67,-5,0.05,0.06,0.00
71,Las Animas,75,13,-52,13,0.01,-0.04,0.01
71,Las Animas,80,-30,-40,4,-0.03,-0.03,0.00
71,Las Animas,85,-29,-37,16,-0.03,-0.03,0.01
73,Lincoln,0,0,3,20,0.00,0.27,0.07
73,Lincoln,5,-23,13,65,-0.04,1.18,0.23
73,Lincoln,10,35,-8,45,0.06,-0.73,0.16
73,Lincoln,15,-29,-38,-3,-0.05,-3.45,-0.01
73,Lincoln,20,-36,-132,84,-0.06,-12.00,0.30
73,Lincoln,25,129,20,95,0.22,1.82,0.34
73,Lincoln,30,85,147,140,0.14,13.36,0.50
73,Lincoln,35,80,-82,70,0.13,-7.45,0.25
73,Lincoln,40,167,-48,-7,0.28,-4.36,-0.03
73,Lincoln,45,100,-78,-7,0.17,-7.09,-0.03
73,Lincoln,50,7,-72,-10,0.01,-6.55,-0.04
73,Lincoln,55,-7,-33,-7,-0.01,-3.00,-0.03
73,Lincoln,60,7,35,-41,0.01,3.18,-0.15
73,Lincoln,65,24,20,-62,0.04,1.82,-0.22
73,Lincoln,70,18,73,-52,0.03,6.64,-0.19
73,Lincoln,75,25,64,-21,0.04,5.82,-0.08
73,Lincoln,80,4,65,-18,0.01,5.91,-0.06
73,Lincoln,85,8,62,-13,0.01,5.64,-0.05
75,Logan,0,0,15,88,0.00,0.01,0.14
75,Logan,5,11,-37,147,0.02,-0.02,0.23
75,Logan,10,-14,42,203,-0.03,0.02,0.31
75,Logan,15,204,306,5,0.37,0.13,0.01
75,Logan,20,-146,298,111,-0.27,0.13,0.17
75,Logan,25,-56,-12,338,-0.10,-0.01,0.52
75,Logan,30,180,197,152,0.33,0.09,0.24
75,Logan,35,21,273,272,0.04,0.12,0.42
75,Logan,40,147,246,4,0.27,0.11,0.01
75,Logan,45,154,141,-53,0.28,0.06,-0.08
75,Logan,50,69,183,-139,0.13,0.08,-0.22
75,Logan,55,0,151,-29,0.00,0.07,-0.04
75,Logan,60,16,143,-34,0.03,0.06,-0.05
75,Logan,65,-17,121,-114,-0.03,0.05,-0.18
75,Logan,70,4,54,-146,0.01,0.02,-0.23
75,Logan,75,-6,72,-65,-0.01,0.03,-0.10
75,Logan,80,2,14,-70,0.00,0.01,-0.11
75,Logan,85,-24,70,-24,-0.04,0.03,-0.04
77,Mesa,0,0,33,-38,0.00,0.00,0.00
77,Mesa,5,1156,1645,368,0.13,0.07,0.04
77,Mesa,10,675,2031,869,0.07,0.08,0.08
77,Mesa,15,384,2345,1160,0.04,0.10,0.11
77,Mesa,20,140,1809,695,0.02,0.07,0.07
77,Mesa,25,661,1191,273,0.07,0.05,0.03
77,Mesa,30,690,2030,628,0.08,0.08,0.06
77,Mesa,35,940,1918,906,0.10,0.08,0.09
77,Mesa,40,931,1902,564,0.10,0.08,0.05
77,Mesa,45,606,1703,934,0.07,0.07,0.09
77,Mesa,50,403,1735,900,0.04,0.07,0.09
77,Mesa,55,444,1556,1260,0.05,0.06,0.12
77,Mesa,60,562,1510,741,0.06,0.06,0.07
77,Mesa,65,538,1218,444,0.06,0.05,0.04
77,Mesa,70,355,791,69,0.04,0.03,0.01
77,Mesa,75,317,415,206,0.03,0.02,0.02
77,Mesa,80,197,268,177,0.02,0.01,0.02
77,Mesa,85,153,232,170,0.02,0.01,0.02
79,Mineral,0,0,-1,4,0.00,0.00,0.04
79,Mineral,5,-32,8,16,5.33,0.03,0.15
79,Mineral,10,11,-11,7,-1.83,-0.05,0.06
79,Mineral,15,-15,-12,6,2.50,-0.05,0.06
79,Mineral,20,4,-22,5,-0.67,-0.09,0.05
79,Mineral,25,-16,14,6,2.67,0.06,0.06
79,Mineral,30,0,4,22,0.00,0.02,0.20
79,Mineral,35,8,3,21,-1.33,0.01,0.19
79,Mineral,40,4,-4,19,-0.67,-0.02,0.17
79,Mineral,45,-18,6,9,3.00,0.03,0.08
79,Mineral,50,16,27,11,-2.67,0.11,0.10
79,Mineral,55,27,38,6,-4.50,0.16,0.06
79,Mineral,60,25,32,-1,-4.17,0.14,-0.01
79,Mineral,65,-26,26,6,4.33,0.11,0.06
79,Mineral,70,6,29,-10,-1.00,0.12,-0.09
79,Mineral,75,2,38,-10,-0.33,0.16,-0.09
79,Mineral,80,4,28,-5,-0.67,0.12,-0.05
79,Mineral,85,-6,34,-3,1.00,0.14,-0.03
81,Moffat,0,0,12,22,0.00,0.02,-0.03
81,Moffat,5,69,165,85,0.96,0.26,-0.12
81,Moffat,10,-33,126,45,-0.46,0.20,-0.06
81,Moffat,15,-127,28,-2,-1.76,0.04,0.00
81,Moffat,20,-411,-286,-209,-5.71,-0.45,0.28
81,Moffat,25,106,-30,-174,1.47,-0.05,0.24
81,Moffat,30,111,233,25,1.54,0.36,-0.03
81,Moffat,35,129,110,33,1.79,0.17,-0.04
81,Moffat,40,46,112,-16,0.64,0.17,0.02
81,Moffat,45,29,108,8,0.40,0.17,-0.01
81,Moffat,50,64,-67,12,0.89,-0.10,-0.02
81,Moffat,55,75,10,-6,1.04,0.02,0.01
81,Moffat,60,18,2,-79,0.25,0.00,0.11
81,Moffat,65,29,-35,-172,0.40,-0.05,0.23
81,Moffat,70,5,33,-146,0.07,0.05,0.20
81,Moffat,75,-27,24,-89,-0.38,0.04,0.12
81,Moffat,80,-10,26,-56,-0.14,0.04,0.08
81,Moffat,85,-1,71,-15,-0.01,0.11,0.02
83,Montezuma,0,0,36,90,0.00,0.02,0.03
83,Montezuma,5,59,144,306,-0.29,0.08,0.11
83,Montezuma,10,-129,62,301,0.64,0.03,0.10
83,Montezuma,15,-333,-79,224,1.64,-0.04,0.08
83,Montezuma,20,-304,-586,-65,1.50,-0.33,-0.02
83,Montezuma,25,120,-308,0,-0.59,-0.17,0.00
83,Montezuma,30,-26,319,493,0.13,0.18,0.17
83,Montezuma,35,21,293,487,-0.10,0.16,0.17
83,Montezuma,40,-10,218,311,0.05,0.12,0.11
83,Montezuma,45,5,177,289,-0.02,0.10,0.10
83,Montezuma,50,33,300,139,-0.16,0.17,0.05
83,Montezuma,55,206,339,220,-1.01,0.19,0.08
83,Montezuma,60,50,424,95,-0.25,0.24,0.03
83,Montezuma,65,49,203,63,-0.24,0.11,0.02
83,Montezuma,70,10,113,-42,-0.05,0.06,-0.01
83,Montezuma,75,-47,32,-27,0.23,0.02,-0.01
83,Montezuma,80,62,53,-26,-0.31,0.03,-0.01
83,Montezuma,85,31,55,38,-0.15,0.03,0.01
85,Montrose,0,0,46,202,0.00,0.01,0.04
85,Montrose,5,359,470,674,0.15,0.07,0.12
85,Montrose,10,377,725,573,0.16,0.10,0.10
85,Montrose,15,-116,241,412,-0.05,0.03,0.07
85,Montrose,20,-628,-584,-7,-0.27,-0.08,0.00
85,Montrose,25,75,-101,64,0.03,-0.01,0.01
85,Montrose,30,454,730,983,0.20,0.10,0.17
85,Montrose,35,413,771,895,0.18,0.11,0.16
85,Montrose,40,434,577,587,0.19,0.08,0.10
85,Montrose,45,132,616,461,0.06,0.09,0.08
85,Montrose,50,172,662,287,0.07,0.10,0.05
85,Montrose,55,178,620,281,0.08,0.09,0.05
85,Montrose,60,220,728,135,0.09,0.10,0.02
85,Montrose,65,205,511,83,0.09,0.07,0.01
85,Montrose,70,69,429,14,0.03,0.06,0.00
85,Montrose,75,23,216,20,0.01,0.03,0.00
85,Montrose,80,-8,141,-9,0.00,0.02,0.00
85,Montrose,85,-36,168,-17,-0.02,0.02,0.00
87,Morgan,0,0,57,112,0.00,-0.28,0.21
87,Morgan,5,57,-69,214,-0.06,0.34,0.40
87,Morgan,10,32,-71,231,-0.04,0.35,0.44
87,Morgan,15,-232,-175,-128,0.26,0.85,-0.24
87,Morgan,20,-725,-412,-478,0.82,2.01,-0.90
87,Morgan,25,-218,-254,-298,0.25,1.24,-0.56
87,Morgan,30,171,165,229,-0.19,-0.80,0.43
87,Morgan,35,-85,15,352,0.10,-0.07,0.66
87,Morgan,40,-18,4,221,0.02,-0.02,0.42
87,Morgan,45,3,25,225,0.00,-0.12,0.42
87,Morgan,50,10,48,152,-0.01,-0.23,0.29
87,Morgan,55,76,24,130,-0.09,-0.12,0.25
87,Morgan,60,35,83,-46,-0.04,-0.40,-0.09
87,Morgan,65,38,150,-93,-0.04,-0.73,-0.18
87,Morgan,70,-28,71,-87,0.03,-0.35,-0.16
87,Morgan,75,14,56,-102,-0.02,-0.27,-0.19
87,Morgan,80,-12,61,-77,0.01,-0.30,-0.15
87,Morgan,85,1,17,-27,0.00,-0.08,-0.05
89,Otero,0,0,-28,85,0.00,0.03,0.19
89,Otero,5,-79,-119,140,0.07,0.11,0.32
89,Otero,10,-44,-16,221,0.04,0.02,0.50
89,Otero,15,-179,10,-112,0.15,-0.01,-0.25
89,Otero,20,-570,-447,-232,0.47,0.43,-0.52
89,Otero,25,61,-649,-177,-0.05,0.62,-0.40
89,Otero,30,-191,-114,103,0.16,0.11,0.23
89,Otero,35,-108,-11,216,0.09,0.01,0.49
89,Otero,40,43,41,185,-0.04,-0.04,0.42
89,Otero,45,-136,24,153,0.11,-0.02,0.35
89,Otero,50,-11,8,118,0.01,-0.01,0.27
89,Otero,55,-12,11,70,0.01,-0.01,0.16
89,Otero,60,97,73,-4,-0.08,-0.07,-0.01
89,Otero,65,-20,96,-38,0.02,-0.09,-0.09
89,Otero,70,-5,67,-116,0.00,-0.06,-0.26
89,Otero,75,-56,61,-75,0.05,-0.06,-0.17
89,Otero,80,-5,-31,-50,0.00,0.03,-0.11
89,Otero,85,0,-19,-44,0.00,0.02,-0.10
91,Ouray,0,0,2,28,0.00,0.00,0.03
91,Ouray,5,58,50,108,0.11,0.04,0.12
91,Ouray,10,54,69,105,0.10,0.06,0.12
91,Ouray,15,-27,0,96,-0.05,0.00,0.11
91,Ouray,20,-104,-181,49,-0.20,-0.15,0.05
91,Ouray,25,92,-48,81,0.18,-0.04,0.09
91,Ouray,30,74,126,193,0.14,0.10,0.21
91,Ouray,35,42,134,171,0.08,0.11,0.19
91,Ouray,40,67,96,148,0.13,0.08,0.16
91,Ouray,45,87,121,92,0.17,0.10,0.10
91,Ouray,50,-8,132,59,-0.02,0.11,0.07
91,Ouray,55,84,189,49,0.16,0.16,0.05
91,Ouray,60,83,200,-1,0.16,0.17,0.00
91,Ouray,65,17,128,-46,0.03,0.11,-0.05
91,Ouray,70,-14,63,-82,-0.03,0.05,-0.09
91,Ouray,75,-13,26,-91,-0.03,0.02,-0.10
91,Ouray,80,3,37,-48,0.01,0.03,-0.05
91,Ouray,85,25,67,-7,0.05,0.06,-0.01
93,Park,0,0,76,115,0.00,0.04,0.03
93,Park,5,331,22,451,0.14,0.01,0.11
93,Park,10,68,71,453,0.03,0.04,0.11
93,Park,15,-55,-71,353,-0.02,-0.04,0.09
93,Park,20,-207,-427,265,-0.09,-0.25,0.07
93,Park,25,304,-172,437,0.13,-0.10,0.11
93,Park,30,378,365,764,0.16,0.21,0.19
93,Park,35,608,474,726,0.25,0.28,0.18
93,Park,40,328,279,527,0.14,0.16,0.13
93,Park,45,164,183,402,0.07,0.11,0.10
93,Park,50,315,297,239,0.13,0.17,0.06
93,Park,55,211,267,199,0.09,0.16,0.05
93,Park,60,54,253,-58,0.02,0.15,-0.01
93,Park,65,84,160,-199,0.04,0.09,-0.05
93,Park,70,-47,-2,-293,-0.02,0.00,-0.07
93,Park,75,-80,-56,-204,-0.03,-0.03,-0.05
93,Park,80,-37,-52,-105,-0.02,-0.03,-0.03
93,Park,85,-24,41,-51,-0.01,0.02,-0.01
95,Phillips,0,0,2,6,0.00,0.00,-0.04
95,Phillips,5,-27,31,17,0.17,0.05,-0.12
95,Phillips,10,50,16,30,-0.31,0.03,-0.22
95,Phillips,15,-149,-16,-38,0.94,-0.03,0.27
95,Phillips,20,-41,-133,-86,0.26,-0.21,0.62
95,Phillips,25,18,-62,-86,-0.11,-0.10,0.62
95,Phillips,30,-50,58,11,0.31,0.09,-0.08
95,Phillips,35,28,26,31,-0.18,0.04,-0.22
95,Phillips,40,23,55,3,-0.14,0.09,-0.02
95,Phillips,45,14,47,25,-0.09,0.08,-0.18
95,Phillips,50,-14,25,21,0.09,0.04,-0.15
95,Phillips,55,2,39,19,-0.01,0.06,-0.14
95,Phillips,60,7,77,-8,-0.04,0.12,0.06
95,Phillips,65,-6,93,-24,0.04,0.15,0.17
95,Phillips,70,8,106,-30,-0.05,0.17,0.22
95,Phillips,75,11,105,-13,-0.07,0.17,0.09
95,Phillips,80,-15,78,-4,0.09,0.12,0.03
95,Phillips,85,-18,79,-13,0.11,0.13,0.09
97,Pitkin,0,0,-30,116,0.00,-0.02,0.06
97,Pitkin,5,-89,34,253,0.04,0.03,0.12
97,Pitkin,10,-31,236,286,0.01,0.18,0.14
97,Pitkin,15,-232,107,234,0.10,0.08,0.11
97,Pitkin,20,209,-19,92,-0.09,-0.01,0.04
97,Pitkin,25,-287,848,186,0.13,0.64,0.09
97,Pitkin,30,-641,252,646,0.29,0.19,0.31
97,Pitkin,35,-369,-133,431,0.17,-0.10,0.21
97,Pitkin,40,-197,-78,292,0.09,-0.06,0.14
97,Pitkin,45,-314,45,250,0.14,0.03,0.12
97,Pitkin,50,-60,181,81,0.03,0.14,0.04
97,Pitkin,55,-98,-13,48,0.04,-0.01,0.02
97,Pitkin,60,27,-57,-107,-0.01,-0.04,-0.05
97,Pitkin,65,-51,-23,-180,0.02,-0.02,-0.09
97,Pitkin,70,-35,-11,-250,0.02,-0.01,-0.12
97,Pitkin,75,-26,-42,-225,0.01,-0.03,-0.11
97,Pitkin,80,-48,-10,-84,0.02,-0.01,-0.04
97,Pitkin,85,18,30,-13,-0.01,0.02,-0.01
99,Prowers,0,0,31,42,0.00,-0.02,-0.55
99,Prowers,5,102,-205,97,-3.00,0.11,-1.26
99,Prowers,10,-73,-175,79,2.15,0.09,-1.03
99,Prowers,15,-52,-218,-81,1.53,0.12,1.05
99,Prowers,20,-85,-402,-211,2.50,0.22,2.74
99,Prowers,25,98,-474,-169,-2.88,0.25,2.19
99,Prowers,30,99,-245,17,-2.91,0.13,-0.22
99,Prowers,35,3,-159,125,-0.09,0.09,-1.62
99,Prowers,40,-6,-166,75,0.18,0.09,-0.97
99,Prowers,45,-22,-83,78,0.65,0.04,-1.01
99,Prowers,50,-17,-19,22,0.50,0.01,-0.29
99,Prowers,55,-47,17,84,1.38,-0.01,-1.09
99,Prowers,60,-29,41,-12,0.85,-0.02,0.16
99,Prowers,65,19,69,-49,-0.56,-0.04,0.64
99,Prowers,70,0,40,-75,0.00,-0.02,0.97
99,Prowers,75,8,41,-38,-0.24,-0.02,0.49
99,Prowers,80,-30,19,-36,0.88,-0.01,0.47
99,Prowers,85,-2,26,-25,0.06,-0.01,0.32
101,Pueblo,0,0,181,-27,0.00,0.01,0.00
101,Pueblo,5,597,986,657,0.10,0.08,0.05
101,Pueblo,10,884,1362,1275,0.15,0.11,0.10
101,Pueblo,15,130,1364,1602,0.02,0.11,0.13
101,Pueblo,20,-489,151,1783,-0.08,0.01,0.15
101,Pueblo,25,-190,-994,-181,-0.03,-0.08,-0.01
101,Pueblo,30,999,538,-1105,0.17,0.04,-0.09
101,Pueblo,35,1098,977,971,0.18,0.08,0.08
101,Pueblo,40,687,897,1015,0.12,0.07,0.08
101,Pueblo,45,745,932,1290,0.12,0.07,0.11
101,Pueblo,50,492,1168,1083,0.08,0.09,0.09
101,Pueblo,55,474,1328,1293,0.08,0.10,0.11
101,Pueblo,60,358,1619,1033,0.06,0.13,0.08
101,Pueblo,65,221,1152,734,0.04,0.09,0.06
101,Pueblo,70,24,752,226,0.00,0.06,0.02
101,Pueblo,75,91,270,216,0.02,0.02,0.02
101,Pueblo,80,-41,30,99,-0.01,0.00,0.01
101,Pueblo,85,-112,-38,221,-0.02,0.00,0.02
103,Rio Blanco,0,0,13,30,0.00,0.01,0.11
103,Rio Blanco,5,44,96,72,-0.19,0.07,0.26
103,Rio Blanco,10,13,122,52,-0.06,0.09,0.19
103,Rio Blanco,15,1,109,43,0.00,0.08,0.16
103,Rio Blanco,20,-215,-55,-25,0.95,-0.04,-0.09
103,Rio Blanco,25,-74,-82,-11,0.33,-0.06,-0.04
103,Rio Blanco,30,19,156,78,-0.08,0.12,0.28
103,Rio Blanco,35,62,123,81,-0.27,0.09,0.30
103,Rio Blanco,40,-74,81,69,0.33,0.06,0.25
103,Rio Blanco,45,29,125,53,-0.13,0.10,0.19
103,Rio Blanco,50,-18,143,30,0.08,0.11,0.11
103,Rio Blanco,55,-6,32,42,0.03,0.02,0.15
103,Rio Blanco,60,-15,85,-51,0.07,0.06,-0.19
103,Rio Blanco,65,-3,74,-55,0.01,0.06,-0.20
103,Rio Blanco,70,-3,85,-78,0.01,0.06,-0.28
103,Rio Blanco,75,3,69,-24,-0.01,0.05,-0.09
103,Rio Blanco,80,36,60,-27,-0.16,0.05,-0.10
103,Rio Blanco,85,-26,72,-5,0.11,0.06,-0.02
105,Rio Grande,0,0,-10,54,0.00,0.17,0.07
105,Rio Grande,5,-19,11,168,0.16,-0.19,0.21
105,Rio Grande,10,28,-23,130,-0.24,0.40,0.16
105,Rio Grande,15,-31,-106,-5,0.26,1.83,-0.01
105,Rio Grande,20,-295,-363,-150,2.50,6.26,-0.19
105,Rio Grande,25,-29,-339,-50,0.25,5.84,-0.06
105,Rio Grande,30,4,57,181,-0.03,-0.98,0.23
105,Rio Grande,35,-14,81,213,0.12,-1.40,0.27
105,Rio Grande,40,75,71,166,-0.64,-1.22,0.21
105,Rio Grande,45,47,61,117,-0.40,-1.05,0.15
105,Rio Grande,50,-7,108,101,0.06,-1.86,0.13
105,Rio Grande,55,-6,114,73,0.05,-1.97,0.09
105,Rio Grande,60,85,113,34,-0.72,-1.95,0.04
105,Rio Grande,65,53,80,-50,-0.45,-1.38,-0.06
105,Rio Grande,70,-18,34,-79,0.15,-0.59,-0.10
105,Rio Grande,75,-54,-28,-42,0.46,0.48,-0.05
105,Rio Grande,80,30,32,-54,-0.25,-0.55,-0.07
105,Rio Grande,85,33,49,-10,-0.28,-0.84,-0.01
107,Routt,0,0,41,136,0.00,0.01,0.06
107,Routt,5,82,280,368,0.14,0.10,0.16
107,Routt,10,166,310,365,0.28,0.11,0.16
107,Routt,15,-123,185,331,-0.20,0.07,0.14
107,Routt,20,187,53,115,0.31,0.02,0.05
107,Routt,25,179,559,215,0.30,0.20,0.09
107,Routt,30,-98,310,674,-0.16,0.11,0.30
107,Routt,35,76,87,528,0.13,0.03,0.23
107,Routt,40,187,182,317,0.31,0.06,0.14
107,Routt,45,-46,241,317,-0.08,0.08,0.14
107,Routt,50,40,208,27,0.07,0.07,0.01
107,Routt,55,1,11,69,0.00,0.00,0.03
107,Routt,60,-8,62,-203,-0.01,0.02,-0.09
107,Routt,65,26,138,-312,0.04,0.05,-0.14
107,Routt,70,-13,26,-335,-0.02,0.01,-0.15
107,Routt,75,-34,58,-220,-0.06,0.02,-0.10
107,Routt,80,-10,47,-94,-0.02,0.02,-0.04
107,Routt,85,-9,38,-15,-0.01,0.01,-0.01
109,Saguache,0,0,48,32,0.00,0.08,0.04
109,Saguache,5,-16,-7,106,-0.05,-0.01,0.12
109,Saguache,10,33,-44,115,0.11,-0.07,0.13
109,Saguache,15,-72,-55,19,-0.24,-0.09,0.02
109,Saguache,20,-49,-158,-16,-0.17,-0.26,-0.02
109,Saguache,25,-27,-169,25,-0.09,-0.28,0.03
109,Saguache,30,-31,48,147,-0.10,0.08,0.17
109,Saguache,35,73,62,157,0.25,0.10,0.18
109,Saguache,40,76,64,129,0.26,0.11,0.15
109,Saguache,45,62,63,86,0.21,0.11,0.10
109,Saguache,50,92,101,103,0.31,0.17,0.12
109,Saguache,55,123,140,27,0.42,0.23,0.03
109,Saguache,60,45,168,31,0.15,0.28,0.04
109,Saguache,65,19,110,23,0.06,0.18,0.03
109,Saguache,70,5,102,-51,0.02,0.17,-0.06
109,Saguache,75,12,55,-38,0.04,0.09,-0.04
109,Saguache,80,-43,44,-21,-0.15,0.07,-0.02
109,Saguache,85,-6,28,-9,-0.02,0.05,-0.01
111,San Juan,0,0,9,2,0.00,0.03,-0.13
111,San Juan,5,-22,8,9,0.31,0.02,-0.60
111,San Juan,10,-15,16,-1,0.21,0.05,0.07
111,San Juan,15,-2,5,1,0.03,0.01,-0.07
111,San Juan,20,1,1,-4,-0.01,0.00,0.27
111,San Juan,25,10,22,-1,-0.14,0.07,0.07
111,San Juan,30,-11,30,17,0.16,0.09,-1.13
111,San Juan,35,-2,31,4,0.03,0.09,-0.27
111,San Juan,40,4,14,4,-0.06,0.04,-0.27
111,San Juan,45,-2,33,0,0.03,0.10,0.00
111,San Juan,50,1,17,7,-0.01,0.05,-0.47
111,San Juan,55,-9,21,-8,0.13,0.06,0.53
111,San Juan,60,-13,9,4,0.19,0.03,-0.27
111,San Juan,65,0,34,-16,0.00,0.10,1.07
111,San Juan,70,-4,22,-15,0.06,0.07,1.00
111,San Juan,75,-6,24,-12,0.09,0.07,0.80
111,San Juan,80,0,20,-2,0.00,0.06,0.13
111,San Juan,85,0,21,-4,0.00,0.06,0.27
113,San Miguel,0,0,-1,58,0.00,0.00,0.03
113,San Miguel,5,19,50,172,0.06,0.06,0.10
113,San Miguel,10,0,94,195,0.00,0.11,0.11
113,San Miguel,15,-16,-47,141,-0.05,-0.05,0.08
113,San Miguel,20,306,59,100,1.01,0.07,0.06
113,San Miguel,25,167,372,187,0.55,0.42,0.10
113,San Miguel,30,-165,106,414,-0.55,0.12,0.23
113,San Miguel,35,-85,-201,296,-0.28,-0.22,0.16
113,San Miguel,40,-50,12,211,-0.17,0.01,0.12
113,San Miguel,45,24,48,176,0.08,0.05,0.10
113,San Miguel,50,55,100,83,0.18,0.11,0.05
113,San Miguel,55,50,87,44,0.17,0.10,0.02
113,San Miguel,60,13,12,-48,0.04,0.01,-0.03
113,San Miguel,65,5,29,-24,0.02,0.03,-0.01
113,San Miguel,70,9,14,-108,0.03,0.02,-0.06
113,San Miguel,75,-13,48,-82,-0.04,0.05,-0.05
113,San Miguel,80,-9,69,-11,-0.03,0.08,-0.01
113,San Miguel,85,-8,44,-6,-0.03,0.05,0.00
115,Sedgwick,0,0,26,10,0.00,0.06,0.05
115,Sedgwick,5,22,-17,25,-0.19,-0.04,0.14
115,Sedgwick,10,-3,-16,33,0.03,-0.03,0.18
115,Sedgwick,15,-33,-34,-1,0.29,-0.07,-0.01
115,Sedgwick,20,-78,-53,-14,0.68,-0.11,-0.08
115,Sedgwick,25,-26,-39,-5,0.23,-0.08,-0.03
115,Sedgwick,30,-2,12,48,0.02,0.03,0.26
115,Sedgwick,35,-13,1,42,0.11,0.00,0.23
115,Sedgwick,40,35,-9,39,-0.31,-0.02,0.21
115,Sedgwick,45,12,40,24,-0.11,0.09,0.13
115,Sedgwick,50,-19,55,16,0.17,0.12,0.09
115,Sedgwick,55,0,68,16,0.00,0.15,0.09
115,Sedgwick,60,15,92,18,-0.13,0.20,0.10
115,Sedgwick,65,-14,70,-19,0.12,0.15,-0.10
115,Sedgwick,70,-10,71,-21,0.09,0.15,-0.11
115,Sedgwick,75,-4,57,-11,0.04,0.12,-0.06
115,Sedgwick,80,13,80,-21,-0.11,0.17,-0.11
115,Sedgwick,85,-9,60,4,0.08,0.13,0.02
117,Summit,0,0,-177,120,0.00,-0.30,0.03
117,Summit,5,-53,-301,309,-0.07,-0.51,0.07
117,Summit,10,-152,-114,397,-0.20,-0.19,0.09
117,Summit,15,-31,36,363,-0.04,0.06,0.08
117,Summit,20,1553,1167,1271,2.05,1.97,0.29
117,Summit,25,279,1807,1326,0.37,3.05,0.30
117,Summit,30,-493,-739,151,-0.65,-1.25,0.03
117,Summit,35,-151,-1285,-196,-0.20,-2.17,-0.04
117,Summit,40,-163,-505,284,-0.22,-0.85,0.06
117,Summit,45,-62,-174,388,-0.08,-0.29,0.09
117,Summit,50,-34,-3,182,-0.04,-0.01,0.04
117,Summit,55,112,190,155,0.15,0.32,0.04
117,Summit,60,31,243,6,0.04,0.41,0.00
117,Summit,65,18,303,-56,0.02,0.51,-0.01
117,Summit,70,-26,102,-106,-0.03,0.17,-0.02
117,Summit,75,-61,-29,-119,-0.08,-0.05,-0.03
117,Summit,80,-11,10,-80,-0.01,0.02,-0.02
117,Summit,85,0,62,-14,0.00,0.10,0.00
119,Teller,0,0,77,60,0.00,0.03,0.01
119,Teller,5,240,153,388,0.12,0.07,0.09
119,Teller,10,170,290,468,0.08,0.13,0.11
119,Teller,15,21,89,352,0.01,0.04,0.08
119,Teller,20,-437,-811,173,-0.21,-0.36,0.04
119,Teller,25,306,-583,83,0.15,-0.26,0.02
119,Teller,30,299,362,663,0.14,0.16,0.16
119,Teller,35,491,472,675,0.24,0.21,0.16
119,Teller,40,283,483,587,0.14,0.21,0.14
119,Teller,45,198,304,563,0.10,0.13,0.13
119,Teller,50,336,251,413,0.16,0.11,0.10
119,Teller,55,73,415,326,0.04,0.18,0.08
119,Teller,60,115,472,123,0.06,0.21,0.03
119,Teller,65,51,302,-120,0.02,0.13,-0.03
119,Teller,70,26,26,-235,0.01,0.01,-0.06
119,Teller,75,-62,-49,-163,-0.03,-0.02,-0.04
119,Teller,80,-12,-6,-73,-0.01,0.00,-0.02
119,Teller,85,-31,21,-21,-0.01,0.01,0.00
121,Washington,0,0,49,9,0.00,0.07,-0.04
121,Washington,5,13,60,19,-0.02,0.08,-0.08
121,Washington,10,-17,36,2,0.02,0.05,-0.01
121,Washington,15,-70,30,-12,0.10,0.04,0.05
121,Washington,20,-203,-144,-98,0.28,-0.20,0.41
121,Washington,25,21,-102,-104,-0.03,-0.14,0.44
121,Washington,30,-48,73,-11,0.07,0.10,0.05
121,Washington,35,-32,32,34,0.04,0.04,-0.14
121,Washington,40,-50,72,-5,0.07,0.10,0.02
121,Washington,45,-40,70,18,0.05,0.10,-0.08
121,Washington,50,20,85,2,-0.03,0.12,-0.01
121,Washington,55,17,68,31,-0.02,0.09,-0.13
121,Washington,60,8,102,-19,-0.01,0.14,0.08
121,Washington,65,-14,88,-13,0.02,0.12,0.05
121,Washington,70,4,78,-45,-0.01,0.11,0.19
121,Washington,75,-108,54,-25,0.15,0.07,0.11
121,Washington,80,-33,54,-23,0.05,0.07,0.10
121,Washington,85,-199,31,2,0.27,0.04,-0.01
123,Weld,0,0,178,747,0.00,0.00,0.02
123,Weld,5,1526,2734,3307,0.10,0.06,0.08
123,Weld,10,1392,4917,3757,0.09,0.11,0.10
123,Weld,15,2282,5195,5430,0.16,0.11,0.14
123,Weld,20,2791,5034,6301,0.19,0.11,0.16
123,Weld,25,-371,1138,1995,-0.03,0.02,0.05
123,Weld,30,1475,1631,3065,0.10,0.04,0.08
123,Weld,35,1721,4748,5016,0.12,0.10,0.13
123,Weld,40,1133,4486,3808,0.08,0.10,0.10
123,Weld,45,1088,3331,2814,0.07,0.07,0.07
123,Weld,50,731,3308,1207,0.05,0.07,0.03
123,Weld,55,104,2729,1332,0.01,0.06,0.03
123,Weld,60,186,2468,501,0.01,0.05,0.01
123,Weld,65,212,1471,262,0.01,0.03,0.01
123,Weld,70,133,939,-154,0.01,0.02,0.00
123,Weld,75,164,572,-70,0.01,0.01,0.00
123,Weld,80,26,460,56,0.00,0.01,0.00
123,Weld,85,63,248,21,0.00,0.01,0.00
125,Yuma,0,0,25,34,0.00,0.04,0.15
125,Yuma,5,112,54,79,6.59,0.09,0.34
125,Yuma,10,86,49,112,5.06,0.08,0.48
125,Yuma,15,-77,-24,-64,-4.53,-0.04,-0.27
125,Yuma,20,-317,-305,-137,-18.65,-0.52,-0.59
125,Yuma,25,134,-116,-138,7.88,-0.20,-0.59
125,Yuma,30,84,181,124,4.94,0.31,0.53
125,Yuma,35,57,104,137,3.35,0.18,0.59
125,Yuma,40,7,100,78,0.41,0.17,0.33
125,Yuma,45,-53,36,80,-3.12,0.06,0.34
125,Yuma,50,-10,60,41,-0.59,0.10,0.18
125,Yuma,55,-9,56,64,-0.53,0.10,0.27
125,Yuma,60,4,111,-12,0.24,0.19,-0.05
125,Yuma,65,2,78,-35,0.12,0.13,-0.15
125,Yuma,70,0,80,-49,0.00,0.14,-0.21
125,Yuma,75,-27,27,-40,-1.59,0.05,-0.17
125,Yuma,80,8,36,-29,0.47,0.06,-0.12
125,Yuma,85,16,33,-11,0.94,0.06,-0.05
0,Colorado,0,0,-2014,5917,0.00,-0.01,0.01
0,Colorado,5,15952,12142,27127,0.09,0.03,0.06
0,Colorado,10,11827.5,37865,41409,0.06,0.11,0.10
0,Colorado,15,9890.5,31530,47030,0.05,0.09,0.11
0,Colorado,20,36359.5,39483,76700,0.20,0.11,0.18
0,Colorado,25,37424,69096,53787,0.20,0.19,0.13
0,Colorado,30,24817.5,53369,48760,0.14,0.15,0.12
0,Colorado,35,19453.5,23094,53380,0.11,0.07,0.13
0,Colorado,40,13605.5,21832,31307,0.07,0.06,0.07
0,Colorado,45,6491,11288,30139,0.04,0.03,0.07
0,Colorado,50,4599.5,11778,14025,0.03,0.03,0.03
0,Colorado,55,1762.5,8207,20959,0.01,0.02,0.05
0,Colorado,60,-920,9573,955,-0.01,0.03,0.00
0,Colorado,65,-854.5,7887,-6606,0.00,0.02,-0.02
0,Colorado,70,-489.5,6080,-15010,0.00,0.02,-0.04
0,Colorado,75,134,3513,-7804,0.00,0.01,-0.02
0,Colorado,80,1360.5,4748,-2539,0.01,0.01,-0.01
0,Colorado,85,2277,5443,180,0.01,0.02,0.00
102,NorthFrontRange,0,0,327,1814,0.00,0.00,0.02
102,NorthFrontRange,5,2852,4121,6667,0.08,0.06,0.09
102,NorthFrontRange,10,2638,7331,7572,0.08,0.10,0.10
102,NorthFrontRange,15,6100,10768,11402,0.18,0.15,0.15
102,NorthFrontRange,20,11433,17751,22105,0.34,0.24,0.28
102,NorthFrontRange,25,-3108,3199,6666,-0.09,0.04,0.09
102,NorthFrontRange,30,1169,-3831,-5453,0.03,-0.05,-0.07
102,NorthFrontRange,35,2968,4319,5845,0.09,0.06,0.08
102,NorthFrontRange,40,2514,5677,7062,0.07,0.08,0.09
102,NorthFrontRange,45,2075,4387,5918,0.06,0.06,0.08
102,NorthFrontRange,50,1436,4181,3038,0.04,0.06,0.04
102,NorthFrontRange,55,832,3684,3809,0.02,0.05,0.05
102,NorthFrontRange,60,635,4166,2032,0.02,0.06,0.03
102,NorthFrontRange,65,696,2850,777,0.02,0.04,0.01
102,NorthFrontRange,70,597,1934,-832,0.02,0.03,-0.01
102,NorthFrontRange,75,369,1081,-403,0.01,0.01,-0.01
102,NorthFrontRange,80,151,1011,-157,0.00,0.01,0.00
102,NorthFrontRange,85,453,971,65,0.01,0.01,0.00
103,Metro Denver,0,0,-4315,302,0.00,-0.03,0.00
103,Metro Denver,5,7438,-889,6079,0.07,-0.01,0.03
103,Metro Denver,10,4447.5,15332,15397,0.04,0.12,0.08
103,Metro Denver,15,3613.5,8064,18546,0.04,0.06,0.09
103,Metro Denver,20,22512.5,14402,33730,0.22,0.11,0.17
103,Metro Denver,25,37344,53853,32888,0.37,0.43,0.17
103,Metro Denver,30,19339.5,45761,40488,0.19,0.36,0.21
103,Metro Denver,35,8959.5,9791,30637,0.09,0.08,0.16
103,Metro Denver,40,5482.5,4939,12929,0.05,0.04,0.07
103,Metro Denver,45,1020,-2607,13406,0.01,-0.02,0.07
103,Metro Denver,50,-1258.5,-2725,4200,-0.01,-0.02,0.02
103,Metro Denver,55,-3373.5,-5746,9171,-0.03,-0.05,0.05
103,Metro Denver,60,-4254,-6750,-1313,-0.04,-0.05,-0.01
103,Metro Denver,65,-3196.5,-4763,-4805,-0.03,-0.04,-0.02
103,Metro Denver,70,-1111.5,-1902,-9203,-0.01,-0.02,-0.05
103,Metro Denver,75,200,-122,-4534,0.00,0.00,-0.02
103,Metro Denver,80,947.5,1243,-1156,0.01,0.01,-0.01
103,Metro Denver,85,1962,1834,195,0.02,0.01,0.00
104,"ElPaso, Teller, Park",0,0,1508,756,0.00,0.03,0.02
104,"ElPaso, Teller, Park",5,1026,3547,4216,0.12,0.06,0.10
104,"ElPaso, Teller, Park",10,1429,6791,6873,0.16,0.12,0.17
104,"ElPaso, Teller, Park",15,1209,6149,7523,0.14,0.11,0.18
104,"ElPaso, Teller, Park",20,3217,7819,13031,0.37,0.14,0.32
104,"ElPaso, Teller, Park",25,81,7889,9086,0.01,0.14,0.22
104,"ElPaso, Teller, Park",30,-45,3955,957,-0.01,0.07,0.02
104,"ElPaso, Teller, Park",35,1243,3357,2068,0.14,0.06,0.05
104,"ElPaso, Teller, Park",40,-170,4064,803,-0.02,0.07,0.02
104,"ElPaso, Teller, Park",45,131,2179,1161,0.01,0.04,0.03
104,"ElPaso, Teller, Park",50,639,2131,1542,0.07,0.04,0.04
104,"ElPaso, Teller, Park",55,224,1643,1838,0.03,0.03,0.04
104,"ElPaso, Teller, Park",60,-49,1618,-2120,-0.01,0.03,-0.05
104,"ElPaso, Teller, Park",65,-53,1389,-2548,-0.01,0.02,-0.06
104,"ElPaso, Teller, Park",70,-225,828,-2306,-0.03,0.01,-0.06
104,"ElPaso, Teller, Park",75,-318,251,-1204,-0.04,0.00,-0.03
104,"ElPaso, Teller, Park",80,308,644,-314,0.04,0.01,-0.01
104,"ElPaso, Teller, Park",85,147,403,-97,0.02,0.01,0.00
107,Pueblo County,0,0,181,-27,0.00,0.01,0.00
107,Pueblo County,5,597,986,657,0.10,0.08,0.05
107,Pueblo County,10,884,1362,1275,0.15,0.11,0.10
107,Pueblo County,15,130,1364,1602,0.02,0.11,0.13
107,Pueblo County,20,-489,151,1783,-0.08,0.01,0.15
107,Pueblo County,25,-190,-994,-181,-0.03,-0.08,-0.01
107,Pueblo County,30,999,538,-1105,0.17,0.04,-0.09
107,Pueblo County,35,1098,977,971,0.18,0.08,0.08
107,Pueblo County,40,687,897,1015,0.12,0.07,0.08
107,Pueblo County,45,745,932,1290,0.12,0.07,0.11
107,Pueblo County,50,492,1168,1083,0.08,0.09,0.09
107,Pueblo County,55,474,1328,1293,0.08,0.10,0.11
107,Pueblo County,60,358,1619,1033,0.06,0.13,0.08
107,Pueblo County,65,221,1152,734,0.04,0.09,0.06
107,Pueblo County,70,24,752,226,0.00,0.06,0.02
107,Pueblo County,75,91,270,216,0.02,0.02,0.02
107,Pueblo County,80,-41,30,99,-0.01,0.00,0.01
107,Pueblo County,85,-112,-38,221,-0.02,0.00,0.02
105,CentralMountains,0,0,111,434,0.00,0.02,0.03
105,CentralMountains,5,740,238,1352,0.06,0.03,0.09
105,CentralMountains,10,429,303,1427,0.04,0.04,0.10
105,CentralMountains,15,-472,-3,940,-0.04,0.00,0.07
105,CentralMountains,20,-150,-985,1604,-0.01,-0.14,0.11
105,CentralMountains,25,1555,417,2030,0.14,0.06,0.14
105,CentralMountains,30,1986,846,2326,0.17,0.12,0.16
105,CentralMountains,35,1973,8,2153,0.17,0.00,0.15
105,CentralMountains,40,1774,115,1168,0.16,0.02,0.08
105,CentralMountains,45,1035,22,1038,0.09,0.00,0.07
105,CentralMountains,50,1033,368,110,0.09,0.05,0.01
105,CentralMountains,55,853,1091,131,0.07,0.16,0.01
105,CentralMountains,60,541,1589,-51,0.05,0.23,0.00
105,CentralMountains,65,278,1439,13,0.02,0.21,0.00
105,CentralMountains,70,115,727,-198,0.01,0.11,-0.01
105,CentralMountains,75,-14,216,-43,0.00,0.03,0.00
105,CentralMountains,80,-126,172,-51,-0.01,0.03,0.00
105,CentralMountains,85,-119,139,-12,-0.01,0.02,0.00
108,EasternPlains,0,0,504,784,0.00,0.05,0.07
108,EasternPlains,5,698,279,1900,0.17,0.03,0.16
108,EasternPlains,10,510,457,2029,0.13,0.05,0.17
108,EasternPlains,15,-571,-99,98,-0.14,-0.01,0.01
108,EasternPlains,20,-2567,-3013,-436,-0.64,-0.32,-0.04
108,EasternPlains,25,1028,-2114,631,0.25,-0.23,0.05
108,EasternPlains,30,1303,1398,2761,0.32,0.15,0.24
108,EasternPlains,35,1052,1207,2797,0.26,0.13,0.24
108,EasternPlains,40,1151,1339,1613,0.29,0.14,0.14
108,EasternPlains,45,618,912,1322,0.15,0.10,0.11
108,EasternPlains,50,552,840,572,0.14,0.09,0.05
108,EasternPlains,55,381,1118,613,0.09,0.12,0.05
108,EasternPlains,60,134,1422,-224,0.03,0.15,-0.02
108,EasternPlains,65,10,1384,-645,0.00,0.15,-0.06
108,EasternPlains,70,84,1240,-888,0.02,0.13,-0.08
108,EasternPlains,75,-191,939,-592,-0.05,0.10,-0.05
108,EasternPlains,80,-38,798,-449,-0.01,0.09,-0.04
108,EasternPlains,85,-118,766,-185,-0.03,0.08,-0.02
109,SanLuisValley,0,0,74,136,0.00,0.04,0.05
109,SanLuisValley,5,-46,-54,510,0.08,-0.03,0.19
109,SanLuisValley,10,59,-101,430,-0.11,-0.05,0.16
109,SanLuisValley,15,-69,7,411,0.13,0.00,0.15
109,SanLuisValley,20,-493,-504,290,0.91,-0.25,0.11
109,SanLuisValley,25,-487,-1234,-460,0.90,-0.61,-0.17
109,SanLuisValley,30,-246,-394,187,0.45,-0.19,0.07
109,SanLuisValley,35,12,231,570,-0.02,0.11,0.21
109,SanLuisValley,40,197,281,480,-0.36,0.14,0.18
109,SanLuisValley,45,63,383,339,-0.12,0.19,0.13
109,SanLuisValley,50,85,527,348,-0.16,0.26,0.13
109,SanLuisValley,55,263,553,198,-0.48,0.27,0.07
109,SanLuisValley,60,204,675,92,-0.38,0.33,0.03
109,SanLuisValley,65,51,564,-127,-0.09,0.28,-0.05
109,SanLuisValley,70,-23,377,-252,0.04,0.19,-0.09
109,SanLuisValley,75,-75,166,-213,0.14,0.08,-0.08
109,SanLuisValley,80,-27,244,-144,0.05,0.12,-0.05
109,SanLuisValley,85,-11,237,-89,0.02,0.12,-0.03
106,WesternSlope,0,0,-404,1718,0.00,-0.01,0.03
106,WesternSlope,5,2647,3914,5746,0.13,0.06,0.09
106,WesternSlope,10,1431,6390,6406,0.07,0.09,0.10
106,WesternSlope,15,-50,5280,6508,0.00,0.08,0.10
106,WesternSlope,20,2896,3862,4593,0.14,0.06,0.07
106,WesternSlope,25,1201,8080,3127,0.06,0.12,0.05
106,WesternSlope,30,312,5096,8599,0.02,0.07,0.14
106,WesternSlope,35,2148,3204,8339,0.11,0.05,0.13
106,WesternSlope,40,1970,4520,6237,0.10,0.07,0.10
106,WesternSlope,45,804,5080,5665,0.04,0.07,0.09
106,WesternSlope,50,1621,5288,3132,0.08,0.08,0.05
106,WesternSlope,55,2109,4536,3906,0.10,0.07,0.06
106,WesternSlope,60,1511,5234,1506,0.08,0.08,0.02
106,WesternSlope,65,1139,3872,-5,0.06,0.06,0.00
106,WesternSlope,70,50,2124,-1557,0.00,0.03,-0.02
106,WesternSlope,75,72,712,-1031,0.00,0.01,-0.02
106,WesternSlope,80,186,606,-367,0.01,0.01,-0.01
106,WesternSlope,85,75,1131,82,0.00,0.02,0.00
